{
  "project_info": {
    "project_number": "442370560082",
    "project_id": "nearbygt",
    "storage_bucket": "nearbygt.appspot.com"
  },
  "client": [
    {
      "client_info": {
        "mobilesdk_app_id": "1:442370560082:android:fcf50b0e03814839ef8f8b",
        "android_client_info": {
          "package_name": "com.example.nearbygtx"
        }
      },
      "oauth_client": [
        {
          "client_id": "442370560082-1dutm9srfvrgtadleg72enb2hrkfranj.apps.googleusercontent.com",
          "client_type": 3
        }
      ],
      "api_key": [
        {
          "current_key": "AIzaSyCY5dbYi8FP0CX6Ciyp4qA5JDFGTcerpcQ"
        }
      ],
      "services": {
        "appinvite_service": {
          "other_platform_oauth_client": [
            {
              "client_id": "442370560082-1dutm9srfvrgtadleg72enb2hrkfranj.apps.googleusercontent.com",
              "client_type": 3
            }
          ]
        }
      }
    }
  ],
  "configuration_version": "1"
}